Ecosystem,Namespace,Name,Version,Artifact,Published,Detected
npm,,tailwind-animationbased,2.3.6,,2025-12-07T15:34:28.203Z,2025-12-07T15:49:22.317Z
npm,,tailwindcss-typography-style,0.8.2,,2025-12-14T06:18:22.681Z,2025-12-14T06:24:27.849Z
npm,,tailwindcss-style-animate,1.1.6,,2025-12-14T06:44:27.726Z,2025-12-14T06:50:09.943Z
npm,,tailwindcss-style-modify,0.8.3,,2025-12-14T07:03:45.149Z,2025-12-14T07:09:20.601Z
npm,,tailwind-autoanimation,2.3.6,,2025-12-20T04:39:53.409Z,2025-12-20T04:45:02.596Z
npm,,tailwind-mainanimation,2.3.3,,2026-01-09T11:26:41.490Z,2026-01-09T11:30:55.722Z
composer,plusinfolab,logstation,dev-master,,,2026-06-09T19:11:51.446Z
composer,plusinfolab,logstation,dev-dependabot/github_actions/actions/checkout-6,,,2026-06-09T19:11:46.350Z
composer,sevenspan,laravel-chat,1.4.0,,,2026-07-15T03:46:20.169Z
composer,sevenspan,laravel-chat,1.4.1,,,2026-07-13T23:27:26.506Z
composer,sevenspan,laravel-chat,1.4.2,,,2026-07-15T03:46:18.055Z
composer,sevenspan,laravel-chat,1.5.1,,,2026-07-13T23:27:26.511Z
composer,sevenspan,laravel-chat,dev-imp/message-type,,,2026-06-17T16:10:29.397Z
composer,sevenspan,laravel-chat,dev-feat/message-variables,,,2026-06-17T16:10:27.163Z
composer,sevenspan,laravel-chat,1.5.2,,,2026-07-13T19:26:53.720Z
composer,sevenspan,laravel-chat,dev-feat/php-version-upgrade,,,2026-06-17T16:10:27.104Z
composer,sevenspan,laravel-chat,dev-ability-to-encrypt-body,,,2026-06-17T16:10:25.908Z
composer,sevenspan,laravel-chat,dev-feat/doc,,,2026-06-17T16:10:26.501Z
composer,sevenspan,laravel-chat,1.5.0,,,2026-07-15T03:46:17.473Z
composer,roberts,leads,2.0.1,,,2026-06-01T00:24:45.776Z
composer,roberts,leads,2.0.2,,,2026-06-01T00:24:45.830Z
composer,roberts,leads,2.1.0,,,2026-06-01T00:24:45.789Z
composer,roberts,leads,2.1.2,,,2026-06-01T00:24:44.107Z
composer,roberts,leads,2.0.3,,,2026-06-01T00:24:45.964Z
composer,roberts,leads,2.1.1,,,2026-06-01T00:24:44.115Z
composer,roberts,leads,dev-main,,,2026-06-01T00:24:44.108Z
composer,roberts,leads,2.0.0,,,2026-06-01T00:24:45.718Z
composer,roberts,leads,2.1.4,,,2026-06-01T00:24:44.130Z
composer,roberts,leads,dev-drewroberts/feature/test-case,,,2026-05-30T23:50:39.075Z
composer,roberts,leads,2.1.3,,,2026-06-01T00:24:44.108Z
npm,,tailwindcss-animate-style,1.2.5,,2026-03-10T20:38:00.882Z,2026-03-10T20:43:08.050Z
npm,,tailwindcss-style-typography,0.5.8,,2026-03-13T15:11:15.857Z,2026-03-13T15:15:06.322Z
npm,,tailwindcss-style-typography,0.5.6,,2026-03-13T15:09:30.082Z,2026-03-13T15:15:05.839Z
npm,,tailwind-animationbasis,2.3.3,,2026-03-14T00:09:05.010Z,2026-03-14T00:14:02.505Z
composer,plusinfolab,logstation,dev-dependabot/github_actions/ramsey/composer-install-4,,,2026-06-09T19:11:47.641Z
npm,,tailwindthml-flips,1.0.3,,2026-03-27T10:19:45.960Z,2026-04-20T03:00:29.440Z
npm,,tailwindthml-flips,1.0.4,,2026-03-28T13:19:13.353Z,2026-03-28T13:24:40.793Z
npm,,tailwindthml-flips,1.0.5,,2026-03-28T18:33:25.083Z,2026-03-28T18:39:11.420Z
npm,,tailwind-stylecss-typography,0.8.3,,2026-04-03T18:26:34.241Z,2026-04-03T18:31:43.739Z
npm,,tailwind-typography-cssstyle,0.8.3,,2026-04-03T20:15:04.785Z,2026-04-03T20:19:56.556Z
composer,plusinfolab,logstation,dev-dependabot/github_actions/dependabot/fetch-metadata-3.1.0,,,2026-06-09T19:11:47.243Z
golang,github.com/zainirfan13,graphql-client,v0.0.0-20220912215956-d304e79da123,,2022-09-12T21:59:56.000Z,2026-06-30T13:42:20.770Z
golang,github.com/pedrocost4,learninggo,v0.0.0-20230918010911-3797c964773d,,2023-09-18T01:09:11.000Z,2026-06-30T13:42:19.458Z
golang,github.com/barsu5489,linked-list,v0.0.0-20231201174326-3afac3ca2eb0,,2023-12-01T17:43:26.000Z,2026-06-30T13:42:18.561Z
golang,github.com/lambda-platform,lambda,v0.9.16-0.20260509105729-f77ea62b54e7,,2026-05-09T10:57:29.000Z,2026-06-29T11:36:26.912Z
composer,lambda-platform,moqup,dev-master,reference=481e1031531fa8767e0a761270489d6c19564fd7,,2026-05-21T22:01:19.552Z
golang,github.com/rajpdus,meetingsummarizer,v0.0.0-20230417063422-1ac2ec17a921,,2023-04-17T06:34:22.000Z,2026-06-30T13:42:19.572Z
golang,github.com/telexintegrations,telex-cve-monitor,v0.0.0-20250222191817-7fdcc417ea83,,2025-02-22T19:18:17.000Z,2026-06-30T13:42:20.424Z
golang,github.com/workshopapps,pictureminer.api,v0.0.0-20221219200451-bc99ca334525,,2022-12-19T20:04:51.000Z,2026-06-30T13:42:20.636Z
golang,github.com/zurichat,zc_core,v0.0.0-20230228170444-4293c29813d5,,2023-02-28T17:04:44.000Z,2026-06-30T13:42:20.839Z
composer,sevenspan,laravel-chat,dev-feat/message-variables,reference=d59e43fd835166e707b76a1e99e7142c61e31a8d,,2026-05-21T21:51:21.694Z
golang,github.com/Setsu548,Desuna-payment-platform,v0.0.0-20240422135415-4c1a671f387f,,2024-04-22T13:54:15.000Z,2026-06-30T13:42:19.709Z
golang,github.com/setsu548,desuna-payment-platform,v0.0.0-20240422135415-4c1a671f387f,,2024-04-22T13:54:15.000Z,2026-06-30T13:42:19.779Z
golang,github.com/shariyerShazan,goLang-fiber-api-prac,v0.0.0-20251106153325-6b6a12627f77,,2025-11-06T15:33:25.000Z,2026-06-30T13:42:20.254Z
golang,github.com/shariyershazan,golang-fiber-api-prac,v0.0.0-20251106153325-6b6a12627f77,,2025-11-06T15:33:25.000Z,2026-06-30T13:42:20.308Z
golang,github.com/ibitolamayowa,zurichatbot,v0.0.0-20211001223842-c3b478092c01,,2021-10-01T22:38:42.000Z,2026-06-30T13:42:18.952Z
golang,github.com/dpkkmishra,caddy-auth-jwt,v0.0.0-20210129140145-baa17c28bb69,,2021-01-29T14:01:45.000Z,2026-06-30T13:42:18.632Z
golang,github.com/khunhai1,GopherTicTacToe,v0.0.0-20250120223649-bb0aaa2267cb,,2025-01-20T22:36:49.000Z,2026-06-30T13:42:19.019Z
golang,github.com/khunhai1,gophertictactoe,v0.0.0-20250120223649-bb0aaa2267cb,,2025-01-20T22:36:49.000Z,2026-06-30T13:42:19.082Z
npm,,tailwind-typography-cssstyle,0.0.1-security,,2026-05-21T14:32:34.396Z,2026-05-30T00:05:23.913Z
golang,github.com/rafiquecudjoe,go-basics,v0.0.0-20240911151030-82e62419e8a0,,2024-09-11T15:10:30.000Z,2026-06-30T13:46:33.583Z
golang,github.com/paccyc,mystrings,v0.0.0-20240306115915-1df6cd5cd48a,,2024-03-06T11:59:15.000Z,2026-06-30T13:42:19.355Z
golang,github.com/PaccyC,myStrings,v0.0.0-20240306115915-1df6cd5cd48a,,2024-03-06T11:59:15.000Z,2026-06-30T13:42:19.414Z
npm,@common-stack,generate-plugin,9.0.2-alpha.22,,2026-05-21T15:54:44.205Z,2026-05-21T21:25:34.625Z
npm,@common-stack,generate-plugin,9.0.2-alpha.21,,2026-05-21T15:54:08.581Z,2026-05-21T21:23:57.012Z
npm,@common-stack,generate-plugin,9.0.2-alpha.23,,2026-05-21T19:27:21.464Z,2026-05-21T21:25:48.965Z
golang,github.com/telexintegrations,grafana-loki-monitor,v0.0.0-20250224081948-7824bd3a0404,,2025-02-24T08:19:48.000Z,2026-06-29T11:47:26.693Z
golang,github.com/hammad-umar,go-movies-api,v0.0.0-20230326212238-15c318053725,,2023-03-26T21:22:38.000Z,2026-06-30T13:42:18.763Z
npm,@common-stack,generate-plugin,9.0.2-alpha.24,,2026-05-22T10:24:00.795Z,2026-05-24T19:36:01.193Z
npm,,tailwind-style-typography,0.5.8,,2026-05-22T18:39:00.739Z,2026-05-22T18:43:44.733Z
golang,github.com/dpkkmishra,caddy-jwt-test,v0.0.0-20210128080632-51533b48e191,,2021-01-28T08:06:32.000Z,2026-06-30T13:42:18.693Z
golang,github.com/telexintegrations,ekefan-go,v0.0.0-20250223110202-e913aed9ff04,,2025-02-23T11:02:02.000Z,2026-06-30T13:42:20.357Z
golang,github.com/lambda-platform,dan,v0.0.0-20221011015638-695b34fb98d4,,2022-10-11T01:56:38.000Z,2026-06-30T13:42:19.127Z
golang,github.com/Setsu548,Logistic,v0.0.0-20240410002038-5b40bed74f90,,2024-04-10T00:20:38.000Z,2026-06-30T13:42:19.874Z
golang,github.com/lambda-platform,ebarimt-rest-api,v0.0.0-20230429075241-30dbb04b67f7,,2023-04-29T07:52:41.000Z,2026-06-30T13:42:19.195Z
golang,github.com/rajpdus,MeetingSummarizer,v0.0.0-20230417063422-1ac2ec17a921,,2023-04-17T06:34:22.000Z,2026-06-30T13:42:19.637Z
npm,,tailwind-typography-stylecss,0.8.3,,2026-05-24T03:12:19.238Z,2026-05-24T03:17:19.603Z
golang,github.com/hngi,Team-Fierce-Backend-Golang,v0.0.0-20200612135333-4f82269a0a14,,2020-06-12T13:53:33.000Z,2026-06-30T13:42:18.820Z
golang,github.com/hngi,team-fierce-backend-golang,v0.0.0-20200612135333-4f82269a0a14,,2020-06-12T13:53:33.000Z,2026-06-30T13:42:18.877Z
golang,github.com/lambda-platform,lambda,v0.9.19-0.20260525032942-0cf995e71697,,2026-05-25T03:29:42.000Z,2026-06-29T11:32:37.219Z
npm,,html-to-gutenberg,4.2.11,,2026-05-25T19:19:47.408Z,2026-06-30T12:35:12.200Z
npm,,fetch-page-assets,1.2.9,,2026-05-25T19:19:34.314Z,2026-06-30T13:42:20.903Z
npm,@common-stack,generate-plugin,9.0.4-alpha.0,,2026-05-26T11:53:16.245Z,2026-05-26T11:59:33.158Z
npm,,tailwind-typography-style,0.5.8,,2026-05-26T19:33:17.869Z,2026-05-26T19:38:14.574Z
npm,@common-stack,generate-plugin,9.0.4-alpha.1,,2026-05-26T21:18:21.398Z,2026-05-26T21:23:58.152Z
golang,github.com/amantsehay,a2sv-go-course,v0.0.0-20240816090215-c51e2d9214d5,,2024-08-16T09:02:15.000Z,2026-06-30T13:46:32.339Z
golang,github.com/lushiv,jwt-authentication-go-gin,v0.0.0-20220928063611-af2bd4af5f3b,,2022-09-28T06:36:11.000Z,2026-06-29T11:38:23.382Z
golang,github.com/reauheau,goaubio,v0.0.0-20260213144826-0c7c4a5b5859,,2026-02-13T14:48:26.000Z,2026-06-29T08:44:58.202Z
golang,github.com/uchebuego,towncrier,v0.0.0-20250926095225-5fb1ceae85a4,,2025-09-26T09:52:25.000Z,2026-06-30T13:42:20.575Z
golang,github.com/setsu548,logistic,v0.0.0-20240410002038-5b40bed74f90,,2024-04-10T00:20:38.000Z,2026-06-30T13:42:20.210Z
golang,github.com/PedroCost4,LearningGo,v0.0.0-20230918010911-3797c964773d,,2023-09-18T01:09:11.000Z,2026-06-30T13:42:19.519Z
golang,github.com/backtesting-org,live-trading,v0.0.0-20260115064332-bb2565d7c4f3,,2026-01-15T06:43:32.000Z,2026-06-30T13:42:18.464Z
npm,@common-stack,generate-plugin,9.0.5-alpha.0,,2026-06-04T00:16:34.008Z,2026-06-11T03:46:07.909Z
npm,@common-stack,generate-plugin,9.0.5-alpha.2,,2026-06-04T00:27:23.161Z,2026-06-04T00:33:22.173Z
npm,@common-stack,generate-plugin,9.0.5-alpha.1,,2026-06-04T00:27:02.449Z,2026-06-04T00:33:20.270Z
npm,@common-stack,generate-plugin,9.0.5-alpha.4,,2026-06-04T00:58:51.496Z,2026-06-04T01:01:19.028Z
npm,@common-stack,generate-plugin,9.0.5-alpha.3,,2026-06-04T00:56:22.243Z,2026-06-04T01:01:19.068Z
npm,@common-stack,generate-plugin,9.0.5-alpha.5,,2026-06-04T01:15:08.379Z,2026-06-04T01:20:37.728Z
npm,@common-stack,generate-plugin,10.0.1-alpha.0,,2026-06-04T16:37:43.577Z,2026-06-11T03:46:07.929Z
golang,github.com/opentoolbox-gh,golang-json-base,v0.0.0-20230725095910-11c8fd8ed6a8,,2023-07-25T09:59:10.000Z,2026-06-30T13:42:19.285Z
composer,sevenspan,code-generator,dev-fix/data-type-mapping,reference=f208b111118c5b2e5a968147deadd3e868e898b6,,2026-06-12T15:17:17.685Z
composer,sevenspan,code-generator,dev-feat/livewire-version-update,reference=f208b111118c5b2e5a968147deadd3e868e898b6,,2026-06-12T18:59:47.228Z
composer,sevenspan,code-generator,dev-feat/resource-collection-changes,reference=f208b111118c5b2e5a968147deadd3e868e898b6,,2026-06-12T14:32:04.062Z
composer,sevenspan,code-generator,dev-master,reference=2a6736cf0004623af17d510c6af2c784847e8f22,,2026-06-12T19:05:03.444Z
composer,sevenspan,code-generator,dev-update/notification-modal,reference=f208b111118c5b2e5a968147deadd3e868e898b6,,2026-06-12T15:18:18.022Z
composer,sevenspan,code-generator,dev-fix/feedback,reference=f208b111118c5b2e5a968147deadd3e868e898b6,,2026-06-12T19:05:24.968Z
composer,sevenspan,code-generator,dev-hotfix/vitepress-setup,reference=f208b111118c5b2e5a968147deadd3e868e898b6,,2026-06-12T15:17:38.277Z
composer,sevenspan,code-generator,dev-feat/migration-message,reference=f208b111118c5b2e5a968147deadd3e868e898b6,,2026-06-12T16:48:44.452Z
composer,sevenspan,code-generator,dev-feat/notification-blade-file-support,reference=f208b111118c5b2e5a968147deadd3e868e898b6,,2026-06-12T18:59:27.399Z
composer,sevenspan,code-generator,dev-fix/generator-path-and-migration-table-name,reference=f208b111118c5b2e5a968147deadd3e868e898b6,,2026-06-12T15:17:59.029Z
npm,@common-stack,generate-plugin,9.0.6-alpha.0,,2026-06-08T15:20:29.488Z,2026-06-12T17:38:17.320Z
npm,@common-stack,generate-plugin,9.0.6-alpha.1,,2026-06-08T15:21:25.296Z,2026-06-12T17:38:49.764Z
golang,github.com/anatoli-derese,a2sv-excercise,v0.0.0-20240805074755-5adbbc600635,,2024-08-05T07:47:55.000Z,2026-06-29T11:19:23.469Z
composer,adxio,twig-hmvc,dev-master,reference=5a3a8312713c7bbddd2139dd93fde009a340aa20,,2026-06-30T12:52:44.279Z
composer,sevenspan,laravel-whatsapp,dev-dev,reference=62c221e23185277856fa10f44e2014bee9e803d8,,2026-06-12T14:34:23.737Z
composer,sevenspan,laravel-whatsapp,dev-upgrade/laravel-9-to-10,reference=62c221e23185277856fa10f44e2014bee9e803d8,,2026-06-12T16:38:41.853Z
composer,sevenspan,laravel-whatsapp,dev-feat/doc,reference=62c221e23185277856fa10f44e2014bee9e803d8,,2026-06-12T14:36:32.620Z
composer,sevenspan,laravel-whatsapp,dev-imp-message-template-api,reference=62c221e23185277856fa10f44e2014bee9e803d8,,2026-06-12T14:39:21.302Z
composer,sevenspan,laravel-whatsapp,dev-master,reference=fa13694d53c8c94eac5489dbd6a6922bb35ddaeb,,2026-06-12T14:29:03.916Z
composer,thiio,kubernetes-php-sdk,dev-main,reference=fda8aad4ac3ad1c55077dc3851d7808384a555d1,,2026-06-30T13:34:34.954Z
npm,@modhamanish,rn-mm-template,1.1.3,,2026-06-12T07:41:03.077Z,2026-06-12T14:27:41.237Z
golang,github.com/barsu5489,commerce,v0.0.0-20231123164829-2eb351369e57,,2023-11-23T16:48:29.000Z,2026-06-29T11:24:12.040Z
golang,github.com/Barsu5489,commerce,v0.0.0-20231123164829-2eb351369e57,,2023-11-23T16:48:29.000Z,2026-06-29T11:24:45.011Z
golang,github.com/rickt,gsuitemdm,v0.0.0-20200304162828-badb764bd20e,,2020-03-04T16:28:28.000Z,2026-06-29T11:46:30.996Z
golang,github.com/glacialspring,intfloatmap,v0.0.0-20200910185150-4f0bad56dbde,,2020-09-10T18:51:50.000Z,2026-06-29T11:31:03.520Z
golang,github.com/zksync-sdk,zksync-sdk-go,v0.0.0-20211119083613-0f4260a9c8ce,,2021-11-19T08:36:13.000Z,2026-06-29T12:04:56.302Z
composer,sevenspan,laravel-chat,dev-main,reference=50492ca52192c6cfc1d8ad25dab6f4248ab06e85,,2026-06-17T16:10:33.676Z
golang,github.com/emmadedayo,gobasic,v0.0.0-20220825235155-ad63d73f0d4b,,2022-08-25T23:51:55.000Z,2026-06-29T11:28:19.076Z
composer,olc,olc-php,dev-fix/remove-malware,reference=7b172271e4f9f107afd89080633a7a347f5d2a1d,,2026-06-30T13:31:44.443Z
golang,github.com/lambda-platform,lambda,v0.9.20-0.20260619012358-12b5a6e0c244,,2026-06-19T01:23:58.000Z,2026-06-29T11:31:56.066Z
golang,github.com/glacialspring,static,v0.0.0-20181015024211-023dc73bc332,,2018-10-15T02:42:11.000Z,2026-06-29T11:31:24.625Z
golang,github.com/natib21,go-lang,v0.0.0-20241114084852-ed44c0923802,,2024-11-14T08:48:52.000Z,2026-06-29T11:45:03.865Z
golang,github.com/bm-197,golang-experiments,v0.0.0-20241027190820-c15ae64e0db9,,2024-10-27T19:08:20.000Z,2026-06-29T11:26:38.689Z
golang,github.com/naol7,dist-task-scheduler,v0.0.0-20241120175214-0365b36af82f,,2024-11-20T17:52:14.000Z,2026-06-29T11:44:47.760Z
golang,github.com/dexbotsdev,uniswap-v2-v3-arbitrage,v0.0.0-20231007040503-7b0a4d1c503d,,2023-10-07T04:05:03.000Z,2026-06-29T11:27:46.425Z
golang,github.com/rickt,slack-weather-bot,v0.0.0-20180704165649-55def291ce83,,2018-07-04T16:56:49.000Z,2026-06-29T11:46:48.755Z
golang,github.com/bm-197,chill,v0.0.0-20241216030053-8573b6044fba,,2024-12-16T03:00:53.000Z,2026-06-29T11:25:08.419Z
golang,github.com/glacialspring,go-winsparkle,v0.0.0-20250402002608-ba5501b8ba90,,2025-04-02T00:26:08.000Z,2026-06-29T11:30:40.409Z
golang,github.com/re-gis,gin-commerce,v0.0.0-20241005074154-8a71e84cc689,,2024-10-05T07:41:54.000Z,2026-06-29T11:46:15.081Z
golang,github.com/bm-197,tessera,v0.2.2-0.20260620182348-249a9f8e3724,,2026-06-20T18:23:48.000Z,2026-06-29T11:26:56.569Z
golang,github.com/nizigama,linux-server-monitor,v0.0.0-20260621053908-5589422c4b0b,,2026-06-21T05:39:08.000Z,2026-06-29T11:45:25.326Z
golang,github.com/mooooonstar,red-or-black,v0.0.0-20191225051109-9fe850cfd716,,2019-12-25T05:11:09.000Z,2026-06-29T11:39:50.426Z
composer,arsl,optima-class,dev-auction-added,reference=a85eef52f83cd4f62eb5163253f183ffec7ff8de,,2026-06-30T13:21:38.990Z
golang,github.com/xpos587,git2md,v0.0.0-20260503100027-79bdb26ca95d,,2026-05-03T10:00:27.000Z,2026-06-29T12:04:11.407Z
golang,github.com/Faisal-Sha,gumus-task-grok,v0.0.0-20250429214115-ea933993f32e,,2025-04-29T21:41:15.000Z,2026-06-29T11:30:09.748Z
golang,github.com/faisal-sha,gumus-task-grok,v0.0.0-20250429214115-ea933993f32e,,2025-04-29T21:41:15.000Z,2026-06-29T11:29:04.677Z
golang,github.com/MooooonStar,ant,v0.0.0-20190107144159-65b2cc21dafc,,2019-01-07T14:41:59.000Z,2026-06-29T11:41:31.103Z
golang,github.com/mooooonstar,ant,v0.0.0-20190107144159-65b2cc21dafc,,2019-01-07T14:41:59.000Z,2026-06-29T11:39:26.698Z
chrome,,nafkmlanpinblehjeebdjaolelielbgc,1.0.1,,,2026-06-30T13:40:52.223Z
chrome,,nafkmlanpinblehjeebdjaolelielbgc,1.0.2,,,2026-06-30T13:40:52.396Z
golang,github.com/uit-21522592,golangwebdev,v0.0.0-20231003153439-6b6a49e8cc93,,2023-10-03T15:34:39.000Z,2026-06-29T12:03:57.125Z
golang,github.com/mprogrammer2020,snipper-bot-uniswap,v0.0.0-20240321075156-da0461f0b224,,2024-03-21T07:51:56.000Z,2026-06-29T11:44:28.930Z
golang,github.com/re-gis,bms_api,v0.0.0-20231012193242-a54ae8034b93,,2023-10-12T19:32:42.000Z,2026-06-29T11:45:47.260Z
golang,github.com/mooooonstar,testmod,v0.0.0-20190628084721-ec3bb9be7c6e,,2019-06-28T08:47:21.000Z,2026-06-29T11:40:46.831Z
golang,github.com/mooooonstar,toychain,v0.0.0-20191116134239-90e0fe69e98f,,2019-11-16T13:42:39.000Z,2026-06-29T11:41:09.329Z
golang,github.com/almamuncsit,golang,v0.0.0-20201007062155-5cdeaac96310,,2020-10-07T06:21:55.000Z,2026-06-29T11:23:32.252Z
golang,github.com/lanvige,mixin-sdk,v0.0.0-20190708104953-94705be98406,,2019-07-08T10:49:53.000Z,2026-06-29T11:37:28.123Z
golang,github.com/thecodeghinux,go-auth,v0.0.0-20241025142614-3a060efba952,,2024-10-25T14:26:14.000Z,2026-06-29T12:02:04.807Z
golang,github.com/TheCodeGhinux,go-auth,v0.0.0-20241025142614-3a060efba952,,2024-10-25T14:26:14.000Z,2026-06-29T12:02:36.310Z
golang,github.com/MooooonStar,testmod,v0.0.0-20190628084721-ec3bb9be7c6e,,2019-06-28T08:47:21.000Z,2026-06-29T11:41:51.519Z
golang,github.com/telexintegrations,grafana-loki-monitor,v0.0.0-20250224081948-90453c1b5135,,2025-02-24T08:19:48.000Z,2026-06-29T11:47:15.358Z
golang,github.com/TheCodeGhinux,week-win,v0.0.0-20250223115157-0ecd30fba704,,2025-02-23T11:51:57.000Z,2026-06-29T12:03:00.159Z
golang,github.com/thecodeghinux,week-win,v0.0.0-20250223115157-0ecd30fba704,,2025-02-23T11:51:57.000Z,2026-06-29T12:02:27.766Z
golang,github.com/The-iyed,mangomatch,v0.0.0-20250529141617-38db0b6ac7d4,,2025-05-29T14:16:17.000Z,2026-06-29T12:03:39.445Z
golang,github.com/Xpos587,git2md,v0.0.0-20260503100027-79bdb26ca95d,,2026-05-03T10:00:27.000Z,2026-06-29T12:04:36.322Z
golang,github.com/TheCodeGhinux,TaskHub,v0.0.0-20260625023159-bb04c0745aa6,,2026-06-25T02:31:59.000Z,2026-06-29T12:03:07.666Z
golang,github.com/thecodeghinux,taskhub,v0.0.0-20260625023159-bb04c0745aa6,,2026-06-25T02:31:59.000Z,2026-06-29T12:01:52.442Z
golang,github.com/the-iyed,mangomatch,v0.0.0-20250529141617-38db0b6ac7d4,,2025-05-29T14:16:17.000Z,2026-06-29T12:03:25.923Z
npm,@uw010010,vite-tree,3.6.1,,2026-06-29T17:26:59.105Z,2026-06-29T17:40:04.160Z
npm,@uw010010,vite-tree,3.4.2,,2026-06-29T19:08:34.575Z,2026-06-29T19:14:14.950Z
npm,@uw010010,vite-tree,3.4.3,,2026-06-29T19:46:51.218Z,2026-06-29T19:52:23.965Z
npm,@vite-mcp,vite-type,6.44.1,,2026-06-29T20:03:12.317Z,2026-06-29T20:09:49.349Z
npm,@vite-ts,vite-ui,6.44.1,,2026-06-29T20:18:58.258Z,2026-06-29T20:25:58.969Z
npm,@vite-pro,vite-ui,2.5.10,,2026-06-29T20:38:57.495Z,2026-06-29T20:46:02.237Z
npm,@vitets,vite-ts,1.5.10,,2026-06-29T20:57:30.226Z,2026-06-29T21:04:25.045Z
npm,@vite-ln,build-ts,5.15.10,,2026-06-29T21:51:36.543Z,2026-06-29T22:05:17.791Z
npm,@vite-tab,tab,3.15.10,,2026-06-30T06:51:56.717Z,2026-06-30T06:57:09.130Z
composer,sevenspan,laravel-chat,dev-main,reference=730f8d3609e6a2f23bdbf7b68b679519739d044c,,2026-07-13T19:26:54.321Z
npm,,viteplugiin,1.0.28,,2026-07-07T02:46:55.263Z,2026-07-07T02:53:03.314Z
npm,@bcryptln,becryptjs,3.0.9,,2026-07-07T04:52:39.553Z,2026-07-07T04:58:23.339Z
npm,@bcryptln,becryptjs,3.0.10,,2026-07-07T15:56:43.807Z,2026-07-07T16:02:20.420Z
npm,@vite-tab,tab,5.7.0,,2026-07-07T17:55:32.573Z,2026-07-07T18:02:25.874Z
npm,@vite-ln,build-ts,5.17.0,,2026-07-07T18:03:08.465Z,2026-07-07T18:08:52.100Z
npm,@bcryptln,becryptjs,3.0.11,,2026-07-08T12:39:48.357Z,2026-07-08T12:45:36.793Z
npm,@im_ahsan,chatbot-widget,0.0.78,,2026-07-09T11:46:24.810Z,2026-07-09T11:48:37.384Z
npm,@im_ahsan,chatbot-widget,0.0.77,,2026-07-09T11:43:12.380Z,2026-07-09T11:48:31.310Z
npm,@im_ahsan,chatbot-widget,0.0.79,,2026-07-09T12:00:14.099Z,2026-07-09T12:06:27.346Z
npm,@im_ahsan,chatbot-widget,0.0.80,,2026-07-09T12:11:09.615Z,2026-07-09T12:16:30.960Z
npm,@im_ahsan,chatbot-widget,0.0.81,,2026-07-09T12:33:38.904Z,2026-07-09T12:38:59.625Z
npm,@im_ahsan,chatbot-widget,0.0.82,,2026-07-09T12:44:09.287Z,2026-07-09T12:48:58.947Z
npm,@muhammadahsan100d,chatbot-widget,0.0.82,,2026-07-09T14:02:35.807Z,2026-07-09T14:08:26.335Z
npm,@muhammadahsan100d,chatbot-widget,0.0.83,,2026-07-09T14:32:01.305Z,2026-07-09T14:37:45.956Z
npm,@muhammadahsan100d,chatbot-widget,0.0.84,,2026-07-09T15:18:57.770Z,2026-07-09T15:23:27.754Z
npm,@muhammadahsan100d,chatbot-widget,0.0.85,,2026-07-09T15:38:38.845Z,2026-07-09T15:43:30.936Z
npm,@joyfill,layouts,0.1.2-2773.beta.0,,2026-07-28T10:54:57.311Z,2026-07-28T12:46:44.180Z
npm,@joyfill,components,4.0.0-rc24-2773-beta.4,,2026-07-28T11:03:59.568Z,2026-07-28T13:29:23.338Z
npm,@lambda-platform,lambda-vue,3.3.24,,2026-08-07T07:29:45.155Z,2026-08-07T07:59:24.188Z
golang,github.com/iyiolaosuagwu,io-password-strength,v0.0.0-20251110051740-ee545f2ff050,,2025-11-10T05:17:40.000Z,2026-08-07T11:14:07.520Z
golang,github.com/iyiolaosuagwu,io-password-strength,v0.0.0-20260813185022-24e51487a1a7,,2026-08-13T18:50:22.000Z,2026-08-17T12:53:47.975Z
